,Main_Genre,Genre_2,Genre_3,imdb_rating,length,rank_in_year,rating,studio,title,worldwide_gross,year,metacritic,synopsis,cast
0,Action,Adventure,Drama,7.4,135,1,PG-13,Walt Disney Pictures,Black Panther,700059566.0,2018,88,"T'Challa, heir to the hidden but advanced kingdom of Wakanda, must step forward to lead his people into a new future and must confront a challenger from his country's past.","Chadwick Boseman, Michael B. Jordan, Lupita Nyong'o, Danai Gurira"
1,Action,Adventure,Sci-Fi,8.5,156,2,PG-13,Walt Disney Pictures,Avengers: Infinity War,678815482.0,2018,68,The Avengers and their allies must be willing to sacrifice all in an attempt to defeat the powerful Thanos before his blitz of devastation and ruin puts an end to the universe.,"Robert Downey Jr., Chris Hemsworth, Mark Ruffalo, Chris Evans"
2,Animation,Action,Adventure,7.8,118,3,PG,Pixar,Incredibles 2,608581744.0,2018,80,"The Incredibles hero family takes on a new mission, which involves a change in family roles: Bob Parr (Mr Incredible) must manage the house while his wife Helen (Elastigirl) goes out to save the world.","Craig T. Nelson, Holly Hunter, Sarah Vowell, Huck Milner"
3,Action,Adventure,Drama,6.2,129,4,PG-13,Universal Pictures,Jurassic World: Fallen Kingdom,416769345.0,2018,51,"When the island's dormant volcano begins roaring to life, Owen and Claire mount a campaign to rescue the remaining dinosaurs from this extinction-level event.","Chris Pratt, Bryce Dallas Howard, Rafe Spall, Justice Smith"
4,Action,Comedy,,7.8,119,5,R,20th Century Fox,Deadpool 2,318491426.0,2018,66,"Foul-mouthed mutant mercenary Wade Wilson (a.k.a. Deadpool), brings together a team of fellow mutant rogues to protect a young boy with supernatural abilities from the brutal, time-traveling cyborg Cable.","Ryan Reynolds, Josh Brolin, Morena Baccarin, Julian Dennison"
5,Action,Adventure,Drama,7.9,147,6,PG-13,Paramount Pictures,Mission: Impossible - Fallout,220159104.0,2018,86,"Ethan Hunt and his IMF team, along with some familiar allies, race against time after a mission gone wrong.","Tom Cruise, Henry Cavill, Ving Rhames, Simon Pegg"
6,Action,Comedy,,7.2,118,7,PG-13,Walt Disney Pictures,Ant-Man and the Wasp,216648740.0,2018,70,"As Scott Lang balances being both a superhero and a father, Hope van Dyne and Dr. Hank Pym present an urgent new mission that finds the Ant-Man fighting alongside The Wasp to uncover secrets from their past.","Paul Rudd, Evangeline Lilly, Michael Peña, Walton Goggins"
7,Action,Adventure,Drama,7.0,135,8,PG-13,Walt Disney Pictures,Solo: A Star Wars Story,213767512.0,2018,62,"During an adventure into the criminal underworld, Han Solo meets his future co-pilot Chewbacca and encounters Lando Calrissian years before joining the Rebellion.","Alden Ehrenreich, Joonas Suotamo, Woody Harrelson, Emilia Clarke"
8,Action,Adventure,Drama,6.9,112,9,PG-13,Columbia Pictures,Venom,213030843.0,2018,35,"A failed reporter is bonded to an alien entity, one of many symbiotes who have invaded Earth. But the being takes a liking to Earth and decides to protect it.","Tom Hardy, Michelle Williams, Riz Ahmed, Scott Haze"
9,Music,Drama,,8.1,135,10,R,Warner Bros,A Star is Born ,199721727.0,2018,88,A musician helps a young singer find fame as age and alcoholism send his own career into a downward spiral.,"Lady Gaga, Bradley Cooper, Sam Elliott, Andrew Dice Clay"
10,Action,Adventure,Drama,7.2,152,1,PG-13,Walt Disney Pictures,Star Wars: The Last Jedi,620181382.0,2017,N/A,Two kids fight with light sabers around the house.,Taylor Clark
11,Music,Drama,,7.2,129,2,PG,Walt Disney Pictures,Beauty and the Beast ,504014165.0,2017,95,A prince cursed to spend his days as a hideous monster sets out to regain his humanity by earning a young woman's love.,"Robby Benson, Jesse Corti, Rex Everhart, Angela Lansbury"
12,Action,Adventure,Drama,7.5,141,3,PG-13,Warner Bros,Wonder Woman,412563408.0,2017,76,"When a pilot crashes and tells of conflict in the outside world, Diana, an Amazonian warrior in training, leaves home to fight a war, discovering her full powers and true destiny.","Gal Gadot, Chris Pine, Connie Nielsen, Robin Wright"
13,Action,Adventure,Comedy,7.0,112,4,PG-13,Sony Pictures,Jumanji: Welcome to the Jungle,404515480.0,2017,58,"Four teenagers are sucked into a magical video game, and the only way they can escape is to work together to finish the game.","Dwayne Johnson, Kevin Hart, Jack Black, Karen Gillan"
14,Action,Adventure,Comedy,7.7,137,5,PG-13,Walt Disney Pictures,Guardians of the Galaxy Vol. 2,389813101.0,2017,67,"The Guardians struggle to keep together as a team while dealing with their personal family issues, notably Star-Lord's encounter with his father the ambitious celestial being Ego.","Chris Pratt, Zoe Saldana, Dave Bautista, Vin Diesel"
15,Action,Adventure,Drama,7.5,133,6,PG-13,Sony Pictures,Spider-Man: Homecoming,334201140.0,2017,73,"Peter Parker balances his life as an ordinary high school student in Queens with his superhero alter-ego Spider-Man, and finds himself on the trail of a new menace prowling the skies of New York City.","Tom Holland, Michael Keaton, Robert Downey Jr., Marisa Tomei"
16,Horror,Drama,Mystery,7.4,135,7,R,Warner Bros,It,327481748.0,2017,69,"In the summer of 1989, a group of bullied kids band together to destroy a shape-shifting monster, which disguises itself as a clown and preys on the children of Derry, their small Maine town.","Jaeden Martell, Jeremy Ray Taylor, Sophia Lillis, Finn Wolfhard"
17,Action,Adventure,Drama,7.9,130,8,PG-13,Walt Disney Pictures,Thor: Ragnarok,315058289.0,2017,74,"Imprisoned on the planet Sakaar, Thor must race against time to return to Asgard and stop Ragnarök, the destruction of his world, at the hands of the powerful and ruthless villain Hela.","Chris Hemsworth, Tom Hiddleston, Cate Blanchett, Idris Elba"
18,Animation,Comedy,,6.3,90,9,PG,Universal Pictures,Despicable Me 3,264624300.0,2017,49,"Gru meets his long-lost, charming, cheerful, and more successful twin brother Dru, who wants to team up with him for one last criminal heist.","Steve Carell, Kristen Wiig, Trey Parker, Miranda Cosgrove"
19,Action,Adventure,Drama,6.5,110,10,PG-13,Warner Bros,Justice League,229024295.0,2017,45,"Fueled by his restored faith in humanity and inspired by Superman's selfless act, Bruce Wayne enlists the help of his new-found ally, Diana Prince, to face an even greater enemy.","Ben Affleck, Henry Cavill, Amy Adams, Gal Gadot"
20,Action,Adventure,Drama,7.8,133,1,PG-13,Walt Disney Pictures,Rogue One: A Star Wars Story,532177324.0,2016,65,The daughter of an Imperial scientist joins the Rebel Alliance in a risky move to steal the Death Star plans.,"Felicity Jones, Diego Luna, Alan Tudyk, Donnie Yen"
21,Animation,Family,,7.3,100,2,PG,Walt Disney Pictures,Finding Dory,486295561.0,2016,77,"Friendly but forgetful blue tang Dory begins a search for her long-lost parents, and everyone learns a few things about the real meaning of family along the way.","Ellen DeGeneres, Albert Brooks, Ed O'Neill, Kaitlin Olson"
22,Action,Adventure,Sci-Fi,7.8,146,3,PG-13,Walt Disney Pictures,Captain America: Civil War,408084349.0,2016,75,Political involvement in the Avengers' affairs causes a rift between Captain America and Iron Man.,"Chris Evans, Robert Downey Jr., Scarlett Johansson, Sebastian Stan"
23,Animation,Comedy,,6.5,90,4,PG,Universal Pictures,The Secret Life of Pets,368384330.0,2016,61,"The quiet life of a terrier named Max is upended when his owner takes in Duke, a stray whom Max instantly dislikes.","Louis C.K., Eric Stonestreet, Kevin Hart, Jenny Slate"
24,Action,Adventure,Family,7.4,111,5,PG,Walt Disney Pictures,The Jungle Book ,364001123.0,2016,77,"After a threat from the tiger Shere Khan forces him to flee the jungle, a man-cub named Mowgli embarks on a journey of self discovery with the help of panther Bagheera and free-spirited bear Baloo.","Neel Sethi, Bill Murray, Ben Kingsley, Idris Elba"
25,Action,Comedy,Adventure,8.0,103,6,R,20th Century Fox,Deadpool,363070709.0,2016,65,"A wisecracking mercenary gets experimented on and becomes immortal but ugly, and sets out to track down the man who ruined his looks.","Ryan Reynolds, Karan Soni, Ed Skrein, Michael Benyaer"
26,Animation,Action,Adventure,8.0,108,7,PG,Walt Disney Pictures,Zootopia,341268248.0,2016,78,"In a city of anthropomorphic animals, a rookie bunny cop and a cynical con artist fox must work together to uncover a conspiracy.","Ginnifer Goodwin, Jason Bateman, Idris Elba, Jenny Slate"
27,Action,Adventure,Sci-Fi,6.5,151,8,PG-13,Warner Bros,Batman v Superman: Dawn of Justice,330360194.0,2016,44,"Fearing that the actions of Superman are left unchecked, Batman takes on the Man of Steel, while the world wrestles with what kind of a hero it really needs.","Ben Affleck, Henry Cavill, Amy Adams, Jesse Eisenberg"
28,Action,Adventure,,6.1,123,9,PG-13,Warner Bros,Suicide Squad,325100054.0,2016,40,A secret government agency recruits some of the most dangerous incarcerated super-villains to form a defensive task force. Their first mission: save the world from the apocalypse.,"Will Smith, Jaime FitzSimons, Ike Barinholtz, Margot Robbie"
29,Animation,Music,Comedy,7.1,108,10,PG,Universal Pictures,Sing,270395425.0,2016,59,"In a city of humanoid animals, a hustling theater impresario's attempt to save his theater with a singing competition becomes grander than he anticipates even as its finalists find that their lives will never be the same.","Matthew McConaughey, Reese Witherspoon, Seth MacFarlane, Scarlett Johansson"
30,Action,Adventure,Fantasy,8.0,136,1,PG-13,Walt Disney Pictures,Star Wars: The Force Awakens,936662225.0,2015,N/A,N/A,"J.J. Abrams, John Boyega, Anthony Carboni, Gwendoline Christie"
31,Action,Adventure,Mystery,7.0,123,2,PG-13,Universal Pictures,Jurassic World,652270625.0,2015,59,"A new theme park, built on the original site of Jurassic Park, creates a genetically modified hybrid dinosaur, the Indominus Rex, which escapes containment and goes on a killing spree.","Chris Pratt, Bryce Dallas Howard, Irrfan Khan, Vincent D'Onofrio"
32,Action,Adventure,Sci-Fi,7.4,141,3,PG-13,Walt Disney Pictures,Avengers: Age of Ultron,459005868.0,2015,66,"When Tony Stark and Bruce Banner try to jump-start a dormant peacekeeping program called Ultron, things go horribly wrong and it's up to Earth's mightiest heroes to stop the villainous Ultron from enacting his terrible plan.","Robert Downey Jr., Chris Hemsworth, Mark Ruffalo, Chris Evans"
33,Animation,Family,,8.2,94,4,PG,Pixar,Inside Out,356461711.0,2015,94,"After young Riley is uprooted from her Midwest life and moved to San Francisco, her emotions - Joy, Fear, Anger, Disgust and Sadness - conflict on how best to navigate a new city, house, and school.","Amy Poehler, Phyllis Smith, Richard Kind, Bill Hader"
34,Action,Adventure,Mystery,7.2,140,5,PG-13,Universal Pictures,Furious 7,353007020.0,2015,67,Deckard Shaw seeks revenge against Dominic Toretto and his family for his comatose brother.,"Vin Diesel, Paul Walker, Jason Statham, Michelle Rodriguez"
35,Animation,Comedy,Family,6.4,91,6,PG,Universal Pictures,Minions,336045770.0,2015,56,"Minions Stuart, Kevin, and Bob are recruited by Scarlet Overkill, a supervillain who, alongside her inventor husband Herb, hatches a plot to take over the world.","Sandra Bullock, Jon Hamm, Michael Keaton, Allison Janney"
36,Action,Adventure,Fantasy,6.6,137,7,PG-13,Lionsgate Films,The Hunger Games: Mockingjay - Part 2,281723902.0,2015,65,Katniss and a team of rebels from District 13 prepare for the final battle that will decide the fate of Panem.,"Jennifer Lawrence, Josh Hutcherson, Liam Hemsworth, Woody Harrelson"
37,Sci-Fi,Fantasy,,8.0,164,8,PG-13,20th Century Fox,The Martian,228433663.0,2015,80,"An astronaut becomes stranded on Mars after his team assume him dead, and must rely on his ingenuity to find a way to signal to Earth that he is alive.","Matt Damon, Jessica Chastain, Kristen Wiig, Jeff Daniels"
38,Romance,Fantasy,,6.9,105,9,PG,Walt Disney Pictures,Cinderella,201151353.0,2015,67,"When her father unexpectedly dies, young Ella finds herself at the mercy of her cruel stepmother and her scheming stepsisters. Never one to give up hope, Ella's fortunes begin to change after meeting a dashing stranger.","Cate Blanchett, Lily James, Richard Madden, Helena Bonham Carter"
39,Action,Adventure,,6.8,150,10,PG-13,Sony Pictures,Spectre,200074609.0,2015,60,"A cryptic message from James Bond's past sends him on a trail to uncover the existence of a sinister organisation named SPECTRE. With a new threat dawning, Bond learns the terrible truth about the author of all his pain in his most recent missions.","Daniel Craig, Christoph Waltz, Léa Seydoux, Ralph Fiennes"
40,Sci-Fi,Adventure,Action,5.8,165,1,PG-13,Paramount Pictures,Transformers: Age of Extinction,1091404499.0,2014,32,"When humanity allies with a bounty hunter in pursuit of Optimus Prime, the Autobots turn to a mechanic and his family for help.","Mark Wahlberg, Stanley Tucci, Kelsey Grammer, Nicola Peltz"
41,Fantasy,Adventure,,7.5,144,2,PG-13,Warner Bros,The Hobbit: The Battle of the Five Armies,955113783.0,2014,59,Bilbo and company are forced to engage in a war against an array of combatants and keep the Lonely Mountain from falling into the hands of a rising darkness.,"Ian McKellen, Martin Freeman, Richard Armitage, Ken Stott"
42,Sci-Fi,Adventure,Action,8.1,121,3,PG-13,Walt Disney Pictures,Guardians of the Galaxy,774176600.0,2014,76,A group of intergalactic criminals must pull together to stop a fanatical warrior with plans to purge the universe.,"Chris Pratt, Zoe Saldana, Dave Bautista, Vin Diesel"
43,Fantasy,Adventure,Action,7.1,97,4,PG,Walt Disney Pictures,Maleficent,758654942.0,2014,56,"A vengeful fairy is driven to curse an infant princess, only to discover that the child may be the one person who can restore peace to their troubled land.","Angelina Jolie, Elle Fanning, Sharlto Copley, Lesley Manville"
44,Sci-Fi,Adventure,,6.8,123,5,PG-13,Lionsgate Films,The Hunger Games: Mockingjay - Part 1,752100229.0,2014,64,"Katniss Everdeen is in District 13 after she shatters the games forever. Under the leadership of President Coin and the advice of her trusted friends, Katniss spreads her wings as she fights to save Peeta and a nation moved by her courage.","Jennifer Lawrence, Josh Hutcherson, Liam Hemsworth, Woody Harrelson"
45,Sci-Fi,Adventure,Action,8.1,131,6,PG-13,20th Century Fox,X-Men: Days of Future Past,748121534.0,2014,75,The X-Men send Wolverine to the past in a desperate effort to change history and prevent an event that results in doom for both humans and mutants.,"Hugh Jackman, James McAvoy, Michael Fassbender, Jennifer Lawrence"
46,Sci-Fi,Adventure,Action,7.8,136,7,PG-13,Walt Disney Pictures,Captain America: The Winter Soldier,714766572.0,2014,70,"As Steve Rogers struggles to embrace his role in the modern world, he teams up with a fellow Avenger and S.H.I.E.L.D agent, Black Widow, to battle a new threat from history: an assassin known as the Winter Soldier.","Chris Evans, Samuel L. Jackson, Scarlett Johansson, Robert Redford"
47,Fantasy,Adventure,Action,6.9,142,8,PG-13,Columbia Pictures,The Amazing Spider-Man 2,709582323.0,2014,53,"When New York is put under siege by Oscorp, it is up to Spider-Man to save the city he swore to protect as well as his loved ones.","Andrew Garfield, Emma Stone, Jamie Foxx, Dane DeHaan"
48,Sci-Fi,Drama,Action,7.7,130,9,PG-13,20th Century Fox,Dawn of the Planet of the Apes,708835589.0,2014,79,A growing nation of genetically evolved apes led by Caesar is threatened by a band of human survivors of the devastating virus unleashed a decade earlier.,"Andy Serkis, Jason Clarke, Gary Oldman, Keri Russell"
49,Sci-Fi,Adventure,,8.7,169,10,PG-13,Paramount Pictures,Interstellar,672974414.0,2014,74,A team of explorers travel through a wormhole in space in an attempt to ensure humanity's survival.,"Ellen Burstyn, Matthew McConaughey, Mackenzie Foy, John Lithgow"
50,Comedy,Animation,Adventure,7.7,102,1,PG,Walt Disney Pictures,Frozen,1274219009.0,2013,75,"When the newly crowned Queen Elsa accidentally uses her power to turn things into ice to curse her home in infinite winter, her sister Anna teams up with a mountain man, his playful reindeer, and a snowman to change the weather condition.","Kristen Bell, Idina Menzel, Jonathan Groff, Josh Gad"
51,Sci-Fi,Adventure,Action,7.3,130,2,PG-13,Walt Disney Pictures,Iron Man 3,1215439994.0,2013,62,"When Tony Stark's world is torn apart by a formidable terrorist called the Mandarin, he starts an odyssey of rebuilding and retribution.","Robert Downey Jr., Gwyneth Paltrow, Don Cheadle, Guy Pearce"
52,Animation,Comedy,Animation,7.5,98,3,PG,Universal Pictures,Despicable Me 2,970761885.0,2013,62,"When Gru, the world's most super-bad turned super-dad has been recruited by a team of officials to stop lethal muscle and a host of Gru's own, He has to fight back with new gadgetry, cars, and more minion madness.","Steve Carell, Kristen Wiig, Benjamin Bratt, Miranda Cosgrove"
53,Fantasy,Adventure,,8.0,161,4,PG-13,Warner Bros,The Hobbit: The Desolation of Smaug,960366855.0,2013,66,"The dwarves, along with Bilbo Baggins and Gandalf the Grey, continue their quest to reclaim Erebor, their homeland, from Smaug. Bilbo Baggins is in possession of a mysterious and magical ring.","Ian McKellen, Martin Freeman, Richard Armitage, Ken Stott"
54,Adventure,Sci-Fi,,7.7,146,5,PG-13,Lionsgate Films,The Hunger Games: Catching Fire,864912963.0,2013,76,Katniss Everdeen and Peeta Mellark become targets of the Capitol after their victory in the 74th Hunger Games sparks a rebellion in the Districts of Panem.,"Jennifer Lawrence, Liam Hemsworth, Jack Quaid, Taylor St. Clair"
55,Thriller,Crime,Action,7.2,130,6,PG-13,Universal Pictures,Fast & Furious 6,788679850.0,2013,61,"Hobbs has Dominic and Brian reassemble their crew to take down a team of mercenaries: Dominic unexpectedly gets sidetracked with facing his presumed deceased girlfriend, Letty.","Vin Diesel, Paul Walker, Dwayne Johnson, Jordana Brewster"
56,Comedy,Animation,Adventure,7.4,104,7,G,Walt Disney Pictures,Monsters University,743559607.0,2013,65,"A look at the relationship between Mike Wazowski (Billy Crystal) and James P. ""Sully"" Sullivan (John Goodman) during their days at Monsters University, when they weren't necessarily the best of friends.","Billy Crystal, John Goodman, Steve Buscemi, Helen Mirren"
57,Thriller,Sci-Fi,Western,7.9,91,8,PG-13,Warner Bros,Gravity,716392705.0,2013,96,Two astronauts work together to survive after an accident leaves them stranded in space.,"Sandra Bullock, George Clooney, Ed Harris, Orto Ignatiussen"
58,Fantasy,Adventure,Action,7.2,143,9,PG-13,Warner Bros,Man of Steel,668045518.0,2013,55,"An alien child is evacuated from his dying world and sent to Earth to live among humans. His peace is threatened, when other survivors of his home planet invade Earth.","Henry Cavill, Amy Adams, Michael Shannon, Diane Lane"
59,Fantasy,Adventure,Action,7.1,112,10,PG-13,Walt Disney Pictures,Thor: The Dark World,644783140.0,2013,54,"When the Dark Elves attempt to plunge the universe into darkness, Thor must embark on a perilous and personal journey that will reunite him with doctor Jane Foster.","Chris Hemsworth, Natalie Portman, Tom Hiddleston, Anthony Hopkins"
60,Sci-Fi,Adventure,Action,8.2,143,1,PG-13,Walt Disney Pictures,The Avengers,1518594910.0,2012,69,Earth's mightiest heroes must come together and learn to fight as a team if they are going to stop the mischievous Loki and his alien army from enslaving humanity.,"Robert Downey Jr., Chris Evans, Mark Ruffalo, Chris Hemsworth"
61,Thriller,Adventure,Action,7.8,143,2,PG-13,Metro-Goldwyn-Mayer,Skyfall,1108561013.0,2012,81,"James Bond's loyalty to M is tested when her past comes back to haunt her. When MI6 comes under attack, 007 must track down and destroy the threat, no matter how personal the cost.","Daniel Craig, Judi Dench, Javier Bardem, Ralph Fiennes"
62,Thriller,Action,,8.5,165,3,PG-13,Warner Bros,The Dark Knight Rises,1084439099.0,2012,78,"Eight years after the Joker's reign of anarchy, Batman, with the help of the enigmatic Catwoman, is forced from his exile to save Gotham City from the brutal guerrilla terrorist Bane.","Christian Bale, Gary Oldman, Tom Hardy, Joseph Gordon-Levitt"
63,Fantasy,Adventure,,8.0,169,4,PG-13,Warner Bros,The Hobbit: An Unexpected Journey,1017003568.0,2012,58,"A reluctant Hobbit, Bilbo Baggins, sets out to the Lonely Mountain with a spirited group of dwarves to reclaim their mountain home, and the gold within it from the dragon Smaug.","Ian McKellen, Martin Freeman, Richard Armitage, Ken Stott"
64,Comedy,Animation,Adventure,6.7,88,5,PG,20th Century Fox,Ice Age: Continental Drift,877244782.0,2012,49,"Manny, Diego, and Sid embark upon another adventure after their continent is set adrift. Using an iceberg as a ship, they encounter sea creatures and battle pirates as they explore a new world.","Aziz Ansari, Joy Behar, Christopher Campbell, Alain Chabat"
65,Fantasy,Drama,Adventure,5.6,115,6,PG-13,Lionsgate Films,The Twilight Saga: Breaking Dawn - Part 2,829685377.0,2012,52,"After the birth of Renesmee/Nessie, the Cullens gather other vampire clans in order to protect the child from a false allegation that puts the family in front of the Volturi.","Kristen Stewart, Robert Pattinson, Taylor Lautner, Peter Facinelli"
66,Fantasy,Adventure,Action,7.1,136,7,PG-13,Columbia Pictures,The Amazing Spider-Man,757930663.0,2012,66,"After Peter Parker is bitten by a genetically altered spider, he gains newfound, spider-like powers and ventures out to save the city from the machinations of a mysterious reptilian foe.","Andrew Garfield, Emma Stone, Rhys Ifans, Denis Leary"
67,Comedy,Adventure,Animation,7.0,93,8,PG,Paramount Pictures,Madagascar 3: Europe's Most Wanted,746921274.0,2012,60,"The Madagascar animals join a struggling European circus to get back to New York, but find themselves being pursued by a psychotic animal control officer.","Ben Stiller, Chris Rock, David Schwimmer, Jada Pinkett Smith"
68,Sci-Fi,Adventure,,7.3,142,9,PG-13,Lionsgate Films,The Hunger Games,691247768.0,2012,68,Katniss Everdeen voluntarily takes her younger sister's place in the Hunger Games: a televised competition in which two teenagers from each of the twelve Districts of Panem are chosen at random to fight to the death.,"Stanley Tucci, Wes Bentley, Jennifer Lawrence, Willow Shields"
69,Sci-Fi,Comedy,Action,6.9,106,10,PG-13,Columbia Pictures,Men in Black 3,624026776.0,2012,58,Agent J travels in time to M.I.B.'s early days in 1969 to stop an alien from assassinating his friend Agent K and changing history.,"Will Smith, Tommy Lee Jones, Josh Brolin, Jemaine Clement"
70,Thriller,Fantasy,Adventure,8.1,130,1,PG-13,Warner Bros,Harry Potter and the Deathly Hallows - Part 2,1341511219.0,2011,85,"Harry, Ron, and Hermione search for Voldemort's remaining Horcruxes in their effort to destroy the Dark Lord as the final battle rages on at Hogwarts.","Ralph Fiennes, Michael Gambon, Alan Rickman, Daniel Radcliffe"
71,Sci-Fi,Adventure,Action,6.3,154,2,PG-13,Paramount Pictures,Transformers: Dark of the Moon,1123794079.0,2011,42,"The Autobots learn of a Cybertronian spacecraft hidden on the moon, and race against the Decepticons to reach it and to learn its secrets.","Shia LaBeouf, Rosie Huntington-Whiteley, Josh Duhamel, John Turturro"
72,Fantasy,Adventure,Action,6.7,136,3,PG-13,Walt Disney Pictures,Pirates of the Caribbean: On Stranger Tides,1045713802.0,2011,45,"Jack Sparrow and Barbossa embark on a quest to find the elusive fountain of youth, only to discover that Blackbeard and his daughter are after it too.","Johnny Depp, Penélope Cruz, Geoffrey Rush, Ian McShane"
73,Fantasy,Drama,Adventure,4.9,117,4,PG-13,Lionsgate Films,The Twilight Saga: Breaking Dawn - Part 1,712171856.0,2011,45,"The Quileutes close in on expecting parents Edward and Bella, whose unborn child poses a threat to the Wolf Pack and the towns people of Forks.","Taylor Lautner, Gil Birmingham, Billy Burke, Sarah Clarke"
74,Thriller,Adventure,Action,7.4,133,5,PG-13,Paramount Pictures,Mission: Impossible - Ghost Protocol,694713380.0,2011,73,"The IMF is shut down when it's implicated in the bombing of the Kremlin, causing Ethan Hunt and his new team to go rogue to clear their organization's name.","Tom Cruise, Paula Patton, Simon Pegg, Jeremy Renner"
75,Animation,Adventure,Action,7.3,91,6,PG,Paramount Pictures,Kung Fu Panda 2,665692281.0,2011,67,"Po and his friends fight to stop a peacock villain from conquering China with a deadly new weapon, but first the Dragon Warrior must come to terms with his past.","Jack Black, Angelina Jolie, Dustin Hoffman, Gary Oldman"
76,Thriller,Crime,Action,7.3,131,7,PG-13,Universal Pictures,Fast Five,626137675.0,2011,66,Dominic Toretto and his crew of street racers plan a massive heist to buy their freedom while in the sights of a powerful Brazilian drug lord and a dangerous federal agent.,"Vin Diesel, Paul Walker, Jordana Brewster, Tyrese Gibson"
77,Comedy,,,6.5,102,8,R,Warner Bros,The Hangover Part II,586764305.0,2011,44,"Two years after the bachelor party in Las Vegas, Phil, Stu, Alan, and Doug jet to Thailand for Stu's wedding. Stu's plan for a subdued pre-wedding brunch, however, goes seriously awry.","Bradley Cooper, Ed Helms, Zach Galifianakis, Justin Bartha"
78,Comedy,Animation,Adventure,5.5,103,9,PG,Columbia Pictures,The Smurfs,563749323.0,2011,30,"When the evil wizard Gargamel chases the tiny blue Smurfs out of their village, they tumble from their magical world into New York City.","Hank Azaria, Neil Patrick Harris, Jayma Mays, Sofía Vergara"
79,Comedy,Animation,Adventure,6.3,106,10,G,Walt Disney Pictures,Cars 2,559852396.0,2011,57,Star race car Lightning McQueen and his pal Mater head overseas to compete in the World Grand Prix race. But the road to the championship becomes rocky as Mater gets caught up in an intriguing adventure of his own: international espionage.,"Larry the Cable Guy, Owen Wilson, Michael Caine, Emily Mortimer"
80,Comedy,Animation,Adventure,8.4,103,1,G,Walt Disney Pictures,Toy Story 3,1063171911.0,2010,92,"The toys are mistakenly delivered to a day-care center instead of the attic right before Andy leaves for college, and it's up to Woody to convince the other toys that they weren't abandoned and to return home.","Tom Hanks, Tim Allen, Joan Cusack, Ned Beatty"
81,Fantasy,Family,Adventure,6.5,108,2,PG,Walt Disney Pictures,Alice in Wonderland,1025467110.0,2010,53,"Nineteen-year-old Alice returns to the magical world from her childhood adventure, where she reunites with her old friends and learns of her true destiny: to end the Red Queen's reign of terror.","Johnny Depp, Mia Wasikowska, Helena Bonham Carter, Anne Hathaway"
82,Fantasy,Family,Adventure,7.7,146,3,PG-13,Warner Bros,Harry Potter and the Deathly Hallows - Part 1,960283305.0,2010,65,"As Harry (Daniel Radcliffe), Ron (Rupert Grint), and Hermione (Emma Watson) race against time and evil to destroy the Horcruxes, they uncover the existence of the three most powerful objects in the wizarding world: the Deathly Hallows.","Bill Nighy, Emma Watson, Richard Griffiths, Harry Melling"
83,Sci-Fi,Mystery,Action,8.8,148,4,PG-13,Warner Bros,Inception,825531030.0,2010,74,A thief who steals corporate secrets through the use of dream-sharing technology is given the inverse task of planting an idea into the mind of a C.E.O.,"Leonardo DiCaprio, Joseph Gordon-Levitt, Ellen Page, Tom Hardy"
84,Comedy,Animation,Adventure,6.4,93,5,PG,Paramount Pictures,Shrek Forever After,752600867.0,2010,58,Rumpelstiltskin tricks a mid-life crisis burdened Shrek into allowing himself to be erased from existence and cast in a dark alternate timeline where Rumpelstiltskin rules supreme.,"Mike Myers, Eddie Murphy, Cameron Diaz, Antonio Banderas"
85,Fantasy,Drama,Adventure,4.9,124,6,PG-13,Lionsgate Films,The Twilight Saga: Eclipse,698491347.0,2010,58,"As a string of mysterious killings grips Seattle, Bella, whose high school graduation is fast approaching, is forced to choose between her love for vampire Edward and her friendship with werewolf Jacob.","Xavier Samuel, Kristen Stewart, Robert Pattinson, Billy Burke"
86,Sci-Fi,Adventure,Action,7.1,124,7,PG-13,Paramount Pictures,Iron Man 2,623933331.0,2010,57,"With the world now aware of his identity as Iron Man, Tony Stark must contend with both his declining health and a vengeful mad man with ties to his father's legacy.","Robert Downey Jr., Gwyneth Paltrow, Don Cheadle, Scarlett Johansson"
87,Animation,Comedy,Animation,7.8,100,8,PG,Walt Disney Pictures,Tangled,591794936.0,2010,71,"The magically long-haired Rapunzel has spent her entire life in a tower, but now that a runaway thief has stumbled upon her, she is about to discover the world for the first time, and who she really is.","Mandy Moore, Zachary Levi, Donna Murphy, Ron Perlman"
88,Animation,Comedy,Animation,7.7,95,9,PG,Universal Pictures,Despicable Me,543113985.0,2010,72,"When a criminal mastermind uses a trio of orphan girls as pawns for a grand scheme, he finds their love is profoundly changing him for the better.","Steve Carell, Jason Segel, Russell Brand, Julie Andrews"
89,Animation,Animation,Adventure,8.2,98,10,PG,Paramount Pictures,How to Train Your Dragon,494878759.0,2010,75,"A hapless young Viking who aspires to hunt dragons becomes the unlikely friend of a young dragon himself, and learns there may be more to the creatures than he assumed.","Jay Baruchel, Gerard Butler, Craig Ferguson, America Ferrera"
90,Fantasy,Adventure,Action,7.9,162,1,PG-13,20th Century Fox,Avatar,2749064328.0,2009,83,A paraplegic Marine dispatched to the moon Pandora on a unique mission becomes torn between following his orders and protecting the world he feels is his home.,"Sam Worthington, Zoe Saldana, Sigourney Weaver, Stephen Lang"
91,Fantasy,Family,Adventure,7.5,153,2,PG,Warner Bros,Harry Potter and the Half-Blood Prince,934416487.0,2009,78,"As Harry Potter (Daniel Radcliffe) begins his sixth year at Hogwarts, he discovers an old book marked as ""the property of the Half-Blood Prince"" and begins to learn more about Lord Voldemort's (Ralph Fiennes') dark past.","Daniel Radcliffe, Michael Gambon, Dave Legeno, Elarica Johnson"
92,Animation,Adventure,Action,7.0,94,3,PG,20th Century Fox,Ice Age: Dawn of the Dinosaurs,886686817.0,2009,50,"When Sid's attempt to adopt three dinosaur eggs gets him abducted by their real mother to an underground lost world, his friends attempt to rescue him.","Eunice Cho, Karen Disher, Harrison Fahn, Maile Flanagan"
93,Sci-Fi,Adventure,Action,6.0,150,4,PG-13,Paramount Pictures,Transformers: Revenge of the Fallen,836303693.0,2009,35,"Sam Witwicky leaves the Autobots behind for a normal life. But when his mind is filled with cryptic symbols, the Decepticons target him and he is dragged back into the Transformers' war.","Shia LaBeouf, Megan Fox, Josh Duhamel, Tyrese Gibson"
94,Sci-Fi,Adventure,Action,5.8,158,5,PG-13,Columbia Pictures,2012,769304749.0,2009,49,A frustrated writer struggles to keep his family alive when a series of global catastrophes threatens to annihilate mankind.,"John Cusack, Amanda Peet, Chiwetel Ejiofor, Thandie Newton"
95,Comedy,Animation,Adventure,8.3,96,6,PG,Pixar,Up,731342744.0,2009,88,"78-year-old Carl Fredricksen travels to Paradise Falls in his house equipped with balloons, inadvertently taking a young stowaway.","Edward Asner, Christopher Plummer, Jordan Nagai, Bob Peterson"
96,Fantasy,Drama,Adventure,4.6,130,7,PG-13,Lionsgate Films,The Twilight Saga: New Moon,709827462.0,2009,44,"Edward leaves Bella after an attack that nearly claimed her life, and, in her depression, she falls into yet another difficult relationship - this time with her close friend, Jacob Black.","Kristen Stewart, Christina Jastrzembska, Robert Pattinson, Billy Burke"
97,Crime,Adventure,Action,7.6,128,8,PG-13,Warner Bros,Sherlock Holmes,524028679.0,2009,57,Detective Sherlock Holmes and his stalwart partner Watson engage in a battle of wits and brawn with a nemesis whose plot is a threat to all of England.,"Robert Downey Jr., Jude Law, Rachel McAdams, Mark Strong"
98,Thriller,Mystery,,6.7,138,9,PG-13,Columbia Pictures,Angels & Demons,485930816.0,2009,48,Harvard symbologist Robert Langdon works with a nuclear physicist to solve a murder and prevent a terrorist act against the Vatican during one of the significant events within the church.,"Tom Hanks, Ewan McGregor, Ayelet Zurer, Stellan Skarsgård"
99,Comedy,,,7.8,100,10,R,Warner Bros,The Hangover,467483912.0,2009,73,"Three buddies wake up from a bachelor party in Las Vegas, with no memory of the previous night and the bachelor missing. They make their way around the city in order to find their friend before his wedding.","Bradley Cooper, Ed Helms, Zach Galifianakis, Justin Bartha"
100,Drama,Crime,Action,9.0,152,1,PG-13,Warner Bros,The Dark Knight,997000000.0,2008,84,"When the menace known as the Joker wreaks havoc and chaos on the people of Gotham, Batman must accept one of the greatest psychological and physical tests of his ability to fight injustice.","Christian Bale, Heath Ledger, Aaron Eckhart, Michael Caine"
101,Adventure,Action,,6.2,122,2,PG-13,Paramount Pictures,Indiana Jones and the Kingdom of the Crystal Skull,786636033.0,2008,65,"In 1957, archaeologist and adventurer Dr. Henry ""Indiana"" Jones, Jr. is called back into action and becomes entangled in a Soviet plot to uncover the secret behind mysterious artifacts known as the Crystal Skulls.","Harrison Ford, Cate Blanchett, Karen Allen, Shia LaBeouf"
102,Animation,Adventure,Action,7.6,92,3,PG,Paramount Pictures,Kung Fu Panda,631744560.0,2008,74,"The Dragon Warrior has to clash against the savage Tai Lung as China's fate hangs in the balance. However, the Dragon Warrior mantle is supposedly mistaken to be bestowed upon an obese panda who is a novice in martial arts.","Jack Black, Dustin Hoffman, Angelina Jolie, Ian McShane"
103,Fantasy,Action,,6.5,92,4,PG-13,Columbia Pictures,Hancock,624386746.0,2008,49,Hancock is a superhero whose ill-considered behavior regularly causes damage in the millions. He changes when the person he saves helps him improve his public image.,"Will Smith, Charlize Theron, Jason Bateman, Jae Head"
104,Romance,Musical,Comedy,6.4,108,5,PG-13,Universal Pictures,Mamma Mia!,609827661.0,2008,51,The story of a bride-to-be trying to find her real father told using hit songs by the popular 1970s group ABBA.,"Amanda Seyfried, Stellan Skarsgård, Pierce Brosnan, Nancy Baldwin"
105,Animation,Adventure,Action,6.7,89,6,PG,Paramount Pictures,Madagascar: Escape 2 Africa,603900354.0,2008,61,"The Madagascar animals fly back to New York City, but crash-land on an African nature reserve, where they meet others of their own kind, and Alex especially discovers his royal heritage as prince of a lion pride.","Ben Stiller, Chris Rock, David Schwimmer, Jada Pinkett Smith"
106,Adventure,Action,,6.7,106,7,PG-13,Metro-Goldwyn-Mayer,Quantum of Solace,586090727.0,2008,58,James Bond descends into mystery as he tries to stop a mysterious organisation from eliminating a country's most valuable resource.,"Daniel Craig, Olga Kurylenko, Mathieu Amalric, Judi Dench"
107,Sci-Fi,Adventure,Action,7.9,126,8,PG-13,Paramount Pictures,Iron Man,585174222.0,2008,79,"After being held captive in an Afghan cave, billionaire engineer Tony Stark creates a unique weaponized suit of armor to fight evil.","Robert Downey Jr., Terrence Howard, Jeff Bridges, Gwyneth Paltrow"
108,Animation,Animation,Adventure,8.4,98,9,G,Pixar,WALL-E,521311860.0,2008,95,"In the distant future, a small waste-collecting robot inadvertently embarks on a space journey that will ultimately decide the fate of mankind.","Ben Burtt, Elissa Knight, Jeff Garlin, Fred Willard"
109,Family,Adventure,Action,6.6,150,10,PG,Walt Disney Pictures,The Chronicles of Narnia: Prince Caspian,419665568.0,2008,62,"The Pevensie siblings return to Narnia, where they are enlisted to once again help ward off an evil king and restore the rightful heir to the land's throne, Prince Caspian.","Ben Barnes, Georgie Henley, Skandar Keynes, William Moseley"
